id,file,description,date,author,platform,type,port
9,platforms/windows/dos/9.c,"Apache 2.x - Memory Leak Exploit",2003-04-09,"Matthew Murphy",windows,dos,0
37060,platforms/windows/dos/37060.html,"Microsoft Internet Explorer 11 - Crash (PoC) (1)",2015-05-19,Garage4Hackers,windows,dos,0
11,platforms/linux/dos/11.c,"Apache 2.0.44 (Linux) - Remote Denial of Service",2003-04-11,"Daniel Nystram",linux,dos,0
13,platforms/windows/dos/13.c,"Chindi Server 1.0 - Denial of Service",2003-04-18,"Luca Ercoli",windows,dos,0
17,platforms/windows/dos/17.pl,"Xeneo Web Server 2.2.9.0 - Denial of Service",2003-04-22,"Tom Ferris",windows,dos,0
22,platforms/windows/dos/22.c,"Pi3Web 2.0.1 - Denial of Service (PoC)",2003-04-29,aT4r,windows,dos,0
35,platforms/windows/dos/35.c,"Microsoft IIS 5.0 < 5.1 - Remote Denial of Service",2003-05-31,Shachank,windows,dos,0
59,platforms/hardware/dos/59.c,"Cisco IOS - IPv4 Packets Denial of Service",2003-07-18,l0cK,hardware,dos,0
60,platforms/hardware/dos/60.c,"Cisco IOS - 'cisco-bug-44020.c' IPv4 Packet Denial of Service",2003-07-21,"Martin Kluge",hardware,dos,0
61,platforms/windows/dos/61.c,"Microsoft Windows Server 2000 - RPC DCOM Interface Denial of Service",2003-07-21,Flashsky,windows,dos,0
62,platforms/hardware/dos/62.sh,"Cisco IOS - using hping Remote Denial of Service",2003-07-22,zerash,hardware,dos,0
65,platforms/windows/dos/65.c,"Microsoft Windows SQL Server - Remote Denial of Service (MS03-031)",2003-07-25,refdom,windows,dos,0
68,platforms/linux/dos/68.c,"Linux Kernel 2.4.20 - 'decode_fh' Denial of Service",2003-07-29,"Jared Stanbrough",linux,dos,0
73,platforms/windows/dos/73.c,"Trillian 0.74 - Remote Denial of Service",2003-08-01,l0bstah,windows,dos,0
82,platforms/windows/dos/82.c,"Piolet Client 1.05 - Remote Denial of Service",2003-08-20,"Luca Ercoli",windows,dos,0
94,platforms/multiple/dos/94.c,"MyServer 0.4.3 - Denial of Service",2003-09-08,badpack3t,multiple,dos,80
111,platforms/windows/dos/111.c,"Microsoft Windows Messenger Service - Denial of Service (MS03-043)",2003-10-18,LSD-PLaNET,windows,dos,0
113,platforms/windows/dos/113.pl,"Microsoft Exchange Server 2000 - XEXCH50 Heap Overflow (PoC) (MS03-046)",2003-10-22,"H D Moore",windows,dos,0
115,platforms/linux/dos/115.c,"WU-FTPD 2.6.2 - 'wuftpd-freezer.c' Remote Denial of Service",2003-10-31,"Angelo Rosiello",linux,dos,0
146,platforms/multiple/dos/146.c,"OpenSSL ASN.1 < 0.9.6j/0.9.7b - Brute Forcer for Parsing Bugs",2003-10-09,"Bram Matthys",multiple,dos,0
147,platforms/windows/dos/147.c,"Need for Speed 2 - Remote Client Buffer Overflow",2004-01-23,"Luigi Auriemma",windows,dos,0
148,platforms/windows/dos/148.sh,"Microsoft Windows XP/2003 - Samba Share Resource Exhaustion (Denial of Service)",2004-01-25,"Steve Ladjabi",windows,dos,0
153,platforms/windows/dos/153.c,"Microsoft Windows - ASN.1 'LSASS.exe' Remote Exploit (MS04-007)",2004-02-14,"Christophe Devine",windows,dos,0
161,platforms/windows/dos/161.c,"Red Faction 1.20 - Server Reply Remote Buffer Overflow",2004-03-04,"Luigi Auriemma",windows,dos,0
170,platforms/multiple/dos/170.c,"Ethereal - EIGRP Dissector TLV_IP_INT Long IP Remote Denial of Service",2004-03-26,"RÃ©mi Denis-Courmont",multiple,dos,0
176,platforms/windows/dos/176.c,"Microsoft IIS - SSL Remote Denial of Service (MS04-011)",2004-04-14,"David Barroso",windows,dos,0
185,platforms/linux/dos/185.sh,"Slackware Linux - '/usr/bin/ppp-off' Insecure /tmp Call Exploit",2000-11-17,sinfony,linux,dos,0
195,platforms/hp-ux/dos/195.sh,"HP-UX 11.00/10.20 crontab - Overwrite Files Exploit",2000-11-19,dubhe,hp-ux,dos,0
212,platforms/hp-ux/dos/212.c,"HP-UX FTPD - Remote Buffer Overflow",2000-12-01,venglin,hp-ux,dos,0
214,platforms/windows/dos/214.c,"Microsoft Windows - 'Jolt2.c' Denial of Service (MS00-029)",2000-12-02,phonix,windows,dos,0
233,platforms/windows/dos/233.pl,"Solaris 2.7/2.8 Catman - Local Insecure tmp Symlink Exploit",2000-12-19,"Shane Hird",windows,dos,0
235,platforms/solaris/dos/235.pl,"SunOS 5.7 Catman - Local Insecure tmp Symlink Clobber Exploit",2000-12-20,lwc,solaris,dos,0
236,platforms/linux/dos/236.sh,"RedHat 6.1/6.2 - TTY Flood Users Exploit",2001-01-02,teleh0r,linux,dos,0
238,platforms/linux/dos/238.c,"ml2 - Local users can Crash processes",2001-01-03,Stealth,linux,dos,0
240,platforms/solaris/dos/240.sh,"Solaris 2.6 / 7 / 8 - Lock Users Out of mailx Exploit",2001-01-03,Optyx,solaris,dos,0
241,platforms/linux/dos/241.c,"ProFTPd 1.2.0 rc2 - Memory Leakage Exploit",2001-01-03,"Piotr Zurawski",linux,dos,21
244,platforms/linux/dos/244.java,"ProFTPd 1.2.0 pre10 - Remote Denial of Service",2001-01-12,JeT-Li,linux,dos,21
251,platforms/linux/dos/251.c,"APC UPS 3.7.2 - 'apcupsd' Local Denial of Service",2001-01-15,"the itch",linux,dos,0
262,platforms/hardware/dos/262.pl,"Cisco (Multiple Products) - Automated Exploit Tool",2001-01-27,hypoclear,hardware,dos,0
